index,ST57Q01_bk,count,lower_outliers,lower_quartile,lower_whisker,median,upper_outliers,upper_quartile,upper_whisker
"(2.313, 3.69](2.313, 3.69]","(0, 2]",18.0,0.0,306.578125,231.7417,334.7562,1.0,409.417325,489.2585
"(2.313, 3.69](2.313, 3.69]","(2, 4]",4.0,0.0,416.5836,364.239,442.8338,0.0,454.30365,462.3072
"(2.313, 3.69](2.313, 3.69]","(4, 5]",2.0,0.0,325.837375,297.0167,354.65805,0.0,383.478725,412.2994
"(2.313, 3.69](2.313, 3.69]","(5, 7]",2.0,0.0,394.83175,358.9422,430.7213,0.0,466.61085,502.5004
"(2.313, 3.69](2.313, 3.69]","(7, 8]",1.0,0.0,280.659,280.659,280.659,0.0,280.659,280.659
"(2.313, 3.69](2.313, 3.69]","(8, 10]",1.0,0.0,345.155,345.155,345.155,0.0,345.155,345.155
"(2.313, 3.69](2.313, 3.69]","(10, 12]",0.0,,,,,,,
"(2.313, 3.69](2.313, 3.69]","(12, 15]",0.0,,,,,,,
"(2.313, 3.69](2.313, 3.69]","(15, 30]",1.0,0.0,304.7282,304.7282,304.7282,0.0,304.7282,304.7282
"(-5.95, -4.573](-5.95, -4.573]","(0, 2]",1154.0,17.0,311.485425,182.5129,353.5286,2.0,398.0449,527.6601
"(-5.95, -4.573](-5.95, -4.573]","(2, 4]",514.0,10.0,320.618475,203.7,363.6548,1.0,417.6741,560.4533
"(-5.95, -4.573](-5.95, -4.573]","(4, 5]",181.0,1.0,332.3025,203.7778,371.0157,0.0,431.2276,573.4616
"(-5.95, -4.573](-5.95, -4.573]","(5, 7]",149.0,3.0,337.5214,209.6978,378.4156,1.0,431.4613,548.6914
"(-5.95, -4.573](-5.95, -4.573]","(7, 8]",53.0,1.0,353.8012,207.8283,408.6384,1.0,455.5305,571.3585
"(-5.95, -4.573](-5.95, -4.573]","(8, 10]",83.0,0.0,317.0743,228.8596,381.1419,0.0,435.74545,544.7188
"(-5.95, -4.573](-5.95, -4.573]","(10, 12]",36.0,0.0,335.009325,199.5716,413.70155,0.0,500.689375,638.3471
"(-5.95, -4.573](-5.95, -4.573]","(12, 15]",36.0,0.0,345.9145,216.0072,405.0553,0.0,480.2812,589.9751
"(-5.95, -4.573](-5.95, -4.573]","(15, 30]",54.0,1.0,336.586675,222.3945,397.69435,0.0,443.554325,602.3602
"(-5.95, -4.573](-4.573, -3.196]","(0, 2]",12555.0,255.0,324.669,183.2918,369.4579,33.0,419.34885,560.9986
"(-5.95, -4.573](-4.573, -3.196]","(2, 4]",5909.0,101.0,343.9866,195.7548,390.5671,11.0,444.2359,594.1813
"(-5.95, -4.573](-4.573, -3.196]","(4, 5]",2163.0,30.0,359.2538,202.8431,408.3268,3.0,464.4103,618.7179
"(-5.95, -4.573](-4.573, -3.196]","(5, 7]",2273.0,31.0,367.3547,206.0368,420.0109,7.0,477.6523,640.6839
"(-5.95, -4.573](-4.573, -3.196]","(7, 8]",747.0,15.0,375.26095,224.9649,427.1771,5.0,480.6512,638.2692
"(-5.95, -4.573](-4.573, -3.196]","(8, 10]",1272.0,13.0,379.1946,215.2282,435.8233,2.0,490.93315,657.2753
"(-5.95, -4.573](-4.573, -3.196]","(10, 12]",475.0,3.0,377.98725,199.5716,429.5139,1.0,499.2678,680.0981
"(-5.95, -4.573](-4.573, -3.196]","(12, 15]",680.0,4.0,391.69655,215.6177,452.92105,3.0,515.099725,695.8327
"(-5.95, -4.573](-4.573, -3.196]","(15, 30]",891.0,3.0,388.3081,211.4114,446.4948,1.0,516.6771,705.102
"(-5.95, -4.573](-3.196, -1.819]","(0, 2]",47173.0,565.0,349.2834,176.2035,401.628,41.0,464.8777,638.1913
"(-5.95, -4.573](-3.196, -1.819]","(2, 4]",24987.0,216.0,371.7947,195.7548,426.3982,27.0,489.3363,665.1425
"(-5.95, -4.573](-3.196, -1.819]","(4, 5]",10702.0,80.0,390.0997,218.4998,444.7032,22.0,505.0709,676.8266
"(-5.95, -4.573](-3.196, -1.819]","(5, 7]",11574.0,74.0,399.9922,222.2387,457.5557,26.0,519.7149,699.1042
"(-5.95, -4.573](-3.196, -1.819]","(7, 8]",3779.0,22.0,404.4322,224.9649,462.0735,7.0,524.42745,703.6221
"(-5.95, -4.573](-3.196, -1.819]","(8, 10]",7180.0,60.0,409.8847,236.1816,466.47455,9.0,526.7253,701.1295
"(-5.95, -4.573](-3.196, -1.819]","(10, 12]",2797.0,19.0,414.8699,230.807,473.2902,7.0,538.6431,718.4998
"(-5.95, -4.573](-3.196, -1.819]","(12, 15]",3945.0,19.0,423.3603,242.5689,480.9238,9.0,545.8872,726.9902
"(-5.95, -4.573](-3.196, -1.819]","(15, 30]",5482.0,26.0,427.1771,222.3945,490.7384,4.0,565.2049,770.7665
"(-5.95, -4.573](-1.819, -0.441]","(0, 2]",86036.0,432.0,366.5758,167.6351,426.7098,30.0,499.4625,698.559
"(-5.95, -4.573](-1.819, -0.441]","(2, 4]",51302.0,181.0,392.9039,194.9759,455.842,38.0,525.2454,723.2513
"(-5.95, -4.573](-1.819, -0.441]","(4, 5]",22800.0,90.0,410.0405,225.3544,469.785,42.0,533.1905,717.6429
"(-5.95, -4.573](-1.819, -0.441]","(5, 7]",25990.0,94.0,423.1267,237.2722,483.1048,70.0,547.0556,732.6764
"(-5.95, -4.573](-1.819, -0.441]","(7, 8]",8868.0,31.0,427.8003,238.6742,490.23215,20.0,554.2997,741.79
"(-5.95, -4.573](-1.819, -0.441]","(8, 10]",16942.0,81.0,432.9413,247.1647,494.01,30.0,556.8702,742.4131
"(-5.95, -4.573](-1.819, -0.441]","(10, 12]",6790.0,25.0,440.2633,257.213,502.1109,23.0,567.308,756.7456
"(-5.95, -4.573](-1.819, -0.441]","(12, 15]",9570.0,48.0,446.6506,257.1351,507.3298,22.0,573.2279,762.7434
"(-5.95, -4.573](-1.819, -0.441]","(15, 30]",13412.0,49.0,453.0379,246.7752,518.157,27.0,591.3772,797.8735
"(-5.95, -4.573](-0.441, 0.936]","(0, 2]",96939.0,296.0,371.9505,161.6373,435.5897,24.0,512.7045,723.7965
"(-5.95, -4.573](-0.441, 0.936]","(2, 4]",60828.0,137.0,401.2385,194.119,467.2145,40.0,539.363575,746.5415
"(-5.95, -4.573](-0.441, 0.936]","(4, 5]",27582.0,98.0,418.453,228.0807,480.9238,49.0,545.4198,735.4806
"(-5.95, -4.573](-0.441, 0.936]","(5, 7]",31907.0,71.0,431.8508,240.9332,494.0879,81.0,559.207,750.0467
"(-5.95, -4.573](-0.441, 0.936]","(7, 8]",11056.0,26.0,437.9265,244.0489,501.7993,27.0,567.3859,760.874
"(-5.95, -4.573](-0.441, 0.936]","(8, 10]",21210.0,73.0,442.6001,254.1751,505.2267,50.0,569.6448,759.7056
"(-5.95, -4.573](-0.441, 0.936]","(10, 12]",8514.0,19.0,449.6105,257.213,514.1066,23.0,578.661025,772.0907
"(-5.95, -4.573](-0.441, 0.936]","(12, 15]",11969.0,40.0,455.9978,264.3792,518.6244,31.0,584.0551,774.5833
"(-5.95, -4.573](-0.441, 0.936]","(15, 30]",16856.0,45.0,462.0735,256.434,527.9716,32.0,599.8676,804.105
"(-5.95, -4.573](0.936, 2.313]","(0, 2]",97045.0,297.0,371.9505,161.6373,435.5897,24.0,512.7045,723.7965
"(-5.95, -4.573](0.936, 2.313]","(2, 4]",60899.0,134.0,401.2385,194.119,467.4482,40.0,539.4999,746.6973
"(-5.95, -4.573](0.936, 2.313]","(4, 5]",27625.0,95.0,418.453,228.0807,481.0017,49.0,545.4977,736.0259
"(-5.95, -4.573](0.936, 2.313]","(5, 7]",31954.0,71.0,431.8508,240.9332,494.1658,81.0,559.207,750.0467
"(-5.95, -4.573](0.936, 2.313]","(7, 8]",11068.0,26.0,437.9265,244.0489,501.7993,27.0,567.308,760.874
"(-5.95, -4.573](0.936, 2.313]","(8, 10]",21258.0,73.0,442.619575,254.1751,505.3825,50.0,569.6448,759.7056
"(-5.95, -4.573](0.936, 2.313]","(10, 12]",8531.0,19.0,449.6884,257.213,514.2623,23.0,578.9142,772.0907
"(-5.95, -4.573](0.936, 2.313]","(12, 15]",11993.0,40.0,455.9978,264.3792,518.8581,31.0,584.2888,774.5833
"(-5.95, -4.573](0.936, 2.313]","(15, 30]",16892.0,45.0,462.0735,256.434,528.08845,32.0,599.8676,804.105
"(-5.95, -4.573](2.313, 3.69]","(0, 2]",1136.0,19.0,311.719125,185.5507,354.0349,2.0,397.5775,525.1675
"(-5.95, -4.573](2.313, 3.69]","(2, 4]",510.0,10.0,320.404275,203.7,362.79795,1.0,416.719925,560.4533
"(-5.95, -4.573](2.313, 3.69]","(4, 5]",179.0,1.0,332.92565,203.7778,371.0157,0.0,431.50025,573.4616
"(-5.95, -4.573](2.313, 3.69]","(5, 7]",147.0,3.0,337.4435,209.6978,378.4156,1.0,430.5655,548.6914
"(-5.95, -4.573](2.313, 3.69]","(7, 8]",52.0,1.0,362.73955,267.417,410.42995,2.0,455.725225,571.3585
"(-5.95, -4.573](2.313, 3.69]","(8, 10]",82.0,0.0,315.41905,228.8596,381.57035,0.0,436.835975,544.7188
"(-5.95, -4.573](2.313, 3.69]","(10, 12]",36.0,0.0,335.009325,199.5716,413.70155,0.0,500.689375,638.3471
"(-5.95, -4.573](2.313, 3.69]","(12, 15]",36.0,0.0,345.9145,216.0072,405.0553,0.0,480.2812,589.9751
"(-5.95, -4.573](2.313, 3.69]","(15, 30]",53.0,2.0,341.2603,222.3945,397.8891,0.0,444.3138,571.5921
"(-4.573, -3.196](-4.573, -3.196]","(0, 2]",12537.0,255.0,324.669,183.2918,369.5358,32.0,419.3878,560.9986
"(-4.573, -3.196](-4.573, -3.196]","(2, 4]",5905.0,101.0,343.9866,195.7548,390.5671,11.0,444.2359,594.1813
"(-4.573, -3.196](-4.573, -3.196]","(4, 5]",2161.0,30.0,359.2538,202.8431,408.3268,3.0,464.4103,618.7179
"(-4.573, -3.196](-4.573, -3.196]","(5, 7]",2271.0,31.0,367.4326,206.0368,420.0109,7.0,477.4965,640.6839
"(-4.573, -3.196](-4.573, -3.196]","(7, 8]",746.0,15.0,375.611475,224.9649,427.4887,5.0,480.74855,638.2692
"(-4.573, -3.196](-4.573, -3.196]","(8, 10]",1271.0,13.0,379.4672,215.2282,435.9012,2.0,490.9721,657.2753
"(-4.573, -3.196](-4.573, -3.196]","(10, 12]",475.0,3.0,377.98725,199.5716,429.5139,1.0,499.2678,680.0981
"(-4.573, -3.196](-4.573, -3.196]","(12, 15]",680.0,4.0,391.69655,215.6177,452.92105,3.0,515.099725,695.8327
"(-4.573, -3.196](-4.573, -3.196]","(15, 30]",890.0,3.0,388.444425,211.4114,446.88425,1.0,516.6771,705.102
"(-4.573, -3.196](-3.196, -1.819]","(0, 2]",47155.0,565.0,349.2834,176.2035,401.7838,40.0,464.8777,638.1913
"(-4.573, -3.196](-3.196, -1.819]","(2, 4]",24983.0,216.0,371.7947,195.7548,426.3982,27.0,489.3363,665.1425
"(-4.573, -3.196](-3.196, -1.819]","(4, 5]",10700.0,80.0,390.0997,218.4998,444.7811,22.0,505.0709,676.8266
"(-4.573, -3.196](-3.196, -1.819]","(5, 7]",11572.0,74.0,399.9922,222.2387,457.5557,26.0,519.7149,699.1042
"(-4.573, -3.196](-3.196, -1.819]","(7, 8]",3778.0,22.0,404.4906,224.9649,462.0735,7.0,524.446925,703.6221
"(-4.573, -3.196](-3.196, -1.819]","(8, 10]",7179.0,60.0,409.8847,236.1816,466.5135,9.0,526.7253,701.1295
"(-4.573, -3.196](-3.196, -1.819]","(10, 12]",2797.0,19.0,414.8699,230.807,473.2902,7.0,538.6431,718.4998
"(-4.573, -3.196](-3.196, -1.819]","(12, 15]",3945.0,19.0,423.3603,242.5689,480.9238,9.0,545.8872,726.9902
"(-4.573, -3.196](-3.196, -1.819]","(15, 30]",5481.0,26.0,427.1771,222.3945,490.8163,4.0,565.2049,770.7665
"(-4.573, -3.196](-1.819, -0.441]","(0, 2]",86018.0,432.0,366.5758,167.6351,426.7098,29.0,499.4625,698.559
"(-4.573, -3.196](-1.819, -0.441]","(2, 4]",51298.0,181.0,392.9039,194.9759,455.842,38.0,525.2454,723.2513
"(-4.573, -3.196](-1.819, -0.441]","(4, 5]",22798.0,90.0,410.0405,225.3544,469.785,42.0,533.1905,717.6429
"(-4.573, -3.196](-1.819, -0.441]","(5, 7]",25988.0,94.0,423.1267,237.2722,483.1048,70.0,547.0556,732.6764
"(-4.573, -3.196](-1.819, -0.441]","(7, 8]",8867.0,31.0,427.83925,238.6742,490.2711,20.0,554.2997,741.79
"(-4.573, -3.196](-1.819, -0.441]","(8, 10]",16941.0,81.0,432.9413,247.1647,494.01,30.0,556.8702,742.4131
"(-4.573, -3.196](-1.819, -0.441]","(10, 12]",6790.0,25.0,440.2633,257.213,502.1109,23.0,567.308,756.7456
"(-4.573, -3.196](-1.819, -0.441]","(12, 15]",9570.0,48.0,446.6506,257.1351,507.3298,22.0,573.2279,762.7434
"(-4.573, -3.196](-1.819, -0.441]","(15, 30]",13411.0,49.0,453.11575,246.7752,518.157,27.0,591.3772,797.8735
"(-4.573, -3.196](-0.441, 0.936]","(0, 2]",96921.0,296.0,371.9505,161.6373,435.5897,23.0,512.7045,723.7965
"(-4.573, -3.196](-0.441, 0.936]","(2, 4]",60824.0,135.0,401.2385,194.119,467.2145,40.0,539.422,746.6194
"(-4.573, -3.196](-0.441, 0.936]","(4, 5]",27580.0,98.0,418.453,228.0807,480.9238,49.0,545.4198,735.4806
"(-4.573, -3.196](-0.441, 0.936]","(5, 7]",31905.0,71.0,431.8508,240.9332,494.0879,81.0,559.207,750.0467
"(-4.573, -3.196](-0.441, 0.936]","(7, 8]",11055.0,26.0,437.9265,244.0489,501.7993,27.0,567.3859,760.874
"(-4.573, -3.196](-0.441, 0.936]","(8, 10]",21209.0,73.0,442.6001,254.1751,505.2267,50.0,569.6448,759.7056
"(-4.573, -3.196](-0.441, 0.936]","(10, 12]",8514.0,19.0,449.6105,257.213,514.1066,23.0,578.661025,772.0907
"(-4.573, -3.196](-0.441, 0.936]","(12, 15]",11969.0,40.0,455.9978,264.3792,518.6244,31.0,584.0551,774.5833
"(-4.573, -3.196](-0.441, 0.936]","(15, 30]",16855.0,45.0,462.0735,256.434,527.9716,32.0,599.8676,804.105
"(-4.573, -3.196](0.936, 2.313]","(0, 2]",97027.0,297.0,371.9505,161.6373,435.6675,23.0,512.7045,723.7965
"(-4.573, -3.196](0.936, 2.313]","(2, 4]",60895.0,134.0,401.2385,194.119,467.4482,40.0,539.4999,746.6973
"(-4.573, -3.196](0.936, 2.313]","(4, 5]",27623.0,95.0,418.453,228.0807,481.0017,49.0,545.4977,736.0259
"(-4.573, -3.196](0.936, 2.313]","(5, 7]",31952.0,71.0,431.8508,240.9332,494.1658,81.0,559.24595,750.0467
"(-4.573, -3.196](0.936, 2.313]","(7, 8]",11067.0,26.0,437.9265,244.0489,501.7993,27.0,567.308,760.874
"(-4.573, -3.196](0.936, 2.313]","(8, 10]",21257.0,73.0,442.678,254.1751,505.3825,50.0,569.6448,759.7056
"(-4.573, -3.196](0.936, 2.313]","(10, 12]",8531.0,19.0,449.6884,257.213,514.2623,23.0,578.9142,772.0907
"(-4.573, -3.196](0.936, 2.313]","(12, 15]",11993.0,40.0,455.9978,264.3792,518.8581,31.0,584.2888,774.5833
"(-4.573, -3.196](0.936, 2.313]","(15, 30]",16891.0,45.0,462.0735,256.434,528.2053,32.0,599.8676,804.105
"(-4.573, -3.196](2.313, 3.69]","(0, 2]",11401.0,234.0,325.9931,184.0707,371.4052,31.0,421.0235,563.4133
"(-4.573, -3.196](2.313, 3.69]","(2, 4]",5395.0,93.0,347.06345,199.5716,392.826,14.0,446.45585,595.5055
"(-4.573, -3.196](2.313, 3.69]","(4, 5]",1982.0,28.0,361.78535,207.0494,411.01415,4.0,466.88345,622.2231
"(-4.573, -3.196](2.313, 3.69]","(5, 7]",2124.0,31.0,371.658375,211.723,422.38665,7.0,479.30755,640.6839
"(-4.573, -3.196](2.313, 3.69]","(7, 8]",694.0,14.0,377.422475,224.9649,428.2676,3.0,482.5596,638.2692
"(-4.573, -3.196](2.313, 3.69]","(8, 10]",1189.0,12.0,383.8682,231.6638,439.4064,3.0,494.0879,659.2226
"(-4.573, -3.196](2.313, 3.69]","(10, 12]",439.0,6.0,382.19345,219.9797,435.2781,1.0,499.2678,674.8014
"(-4.573, -3.196](2.313, 3.69]","(12, 15]",644.0,4.0,393.897025,215.6177,454.401,3.0,516.793925,695.8327
"(-4.573, -3.196](2.313, 3.69]","(15, 30]",837.0,3.0,390.8786,211.4114,449.7663,1.0,519.7928,705.102
"(-3.196, -1.819](-3.196, -1.819]","(0, 2]",46019.0,531.0,350.6855,177.294,403.0301,43.0,466.4356,639.905
"(-3.196, -1.819](-3.196, -1.819]","(2, 4]",24473.0,213.0,373.4304,199.5716,427.4887,31.0,490.1932,665.1425
"(-3.196, -1.819](-3.196, -1.819]","(4, 5]",10521.0,80.0,391.2681,223.2513,445.7937,22.0,505.8498,676.8266
"(-3.196, -1.819](-3.196, -1.819]","(5, 7]",11425.0,74.0,401.3164,226.1334,458.4904,25.0,520.5717,699.1042
"(-3.196, -1.819](-3.196, -1.819]","(7, 8]",3726.0,22.0,405.386375,226.9902,462.9304,7.0,525.2454,703.6221
"(-3.196, -1.819](-3.196, -1.819]","(8, 10]",7097.0,60.0,410.8194,237.7395,467.2924,9.0,527.1927,701.1295
"(-3.196, -1.819](-3.196, -1.819]","(10, 12]",2761.0,19.0,415.6489,230.807,473.5239,6.0,538.9547,718.4998
"(-3.196, -1.819](-3.196, -1.819]","(12, 15]",3909.0,19.0,423.9835,242.5689,481.547,8.0,546.1209,726.9902
"(-3.196, -1.819](-3.196, -1.819]","(15, 30]",5428.0,26.0,428.5792,224.2639,491.7511,4.0,565.86695,770.7665
"(-3.196, -1.819](-1.819, -0.441]","(0, 2]",84882.0,425.0,367.8221,169.1151,427.8782,31.0,500.3973,699.1821
"(-3.196, -1.819](-1.819, -0.441]","(2, 4]",50788.0,177.0,393.9944,196.4558,456.6989,41.0,525.9464,723.8744
"(-3.196, -1.819](-1.819, -0.441]","(4, 5]",22619.0,88.0,410.8973,226.5228,470.3303,42.0,533.8916,718.344
"(-3.196, -1.819](-1.819, -0.441]","(5, 7]",25841.0,94.0,423.8277,238.5185,483.4164,70.0,547.4451,732.6764
"(-3.196, -1.819](-1.819, -0.441]","(7, 8]",8815.0,31.0,428.61815,240.2321,490.8942,19.0,554.6892,741.79
"(-3.196, -1.819](-1.819, -0.441]","(8, 10]",16859.0,81.0,433.4865,248.3331,494.2437,31.0,557.1039,742.4131
"(-3.196, -1.819](-1.819, -0.441]","(10, 12]",6754.0,25.0,440.5554,257.213,502.5783,22.0,567.4638,756.7456
"(-3.196, -1.819](-1.819, -0.441]","(12, 15]",9534.0,48.0,447.2737,260.3287,507.4856,22.0,573.4616,762.7434
"(-3.196, -1.819](-1.819, -0.441]","(15, 30]",13358.0,49.0,453.5831,246.7752,518.5465,25.0,591.4551,797.8735
"(-3.196, -1.819](-0.441, 0.936]","(0, 2]",95785.0,294.0,373.2747,163.0394,436.6023,23.0,513.5613,723.8744
"(-3.196, -1.819](-0.441, 0.936]","(2, 4]",60314.0,134.0,402.1732,195.7548,468.2271,42.0,540.0452,746.6973
"(-3.196, -1.819](-0.441, 0.936]","(4, 5]",27401.0,98.0,419.232,229.9501,481.6249,50.0,545.8872,735.4806
"(-3.196, -1.819](-0.441, 0.936]","(5, 7]",31758.0,72.0,432.5518,242.3353,494.5552,84.0,559.4407,749.5015
"(-3.196, -1.819](-0.441, 0.936]","(7, 8]",11003.0,26.0,438.19905,244.0489,501.8772,25.0,568.04795,760.874
"(-3.196, -1.819](-0.441, 0.936]","(8, 10]",21127.0,73.0,443.1453,254.1751,505.694,47.0,569.8785,759.7056
"(-3.196, -1.819](-0.441, 0.936]","(10, 12]",8478.0,19.0,449.9221,257.213,514.37915,22.0,578.9142,772.0907
"(-3.196, -1.819](-0.441, 0.936]","(12, 15]",11933.0,40.0,456.3094,264.3792,518.936,30.0,584.3667,774.5833
"(-3.196, -1.819](-0.441, 0.936]","(15, 30]",16802.0,45.0,462.42405,256.434,528.3611,29.0,599.9455,804.105
"(-3.196, -1.819](0.936, 2.313]","(0, 2]",95891.0,291.0,373.2747,163.0394,436.6802,23.0,513.6392,724.1081
"(-3.196, -1.819](0.936, 2.313]","(2, 4]",60385.0,134.0,402.1732,195.7548,468.305,42.0,540.0452,746.6973
"(-3.196, -1.819](0.936, 2.313]","(4, 5]",27444.0,94.0,419.3099,229.1712,481.7028,48.0,546.1988,736.4153
"(-3.196, -1.819](0.936, 2.313]","(5, 7]",31805.0,72.0,432.5518,242.3353,494.711,84.0,559.4407,749.5015
"(-3.196, -1.819](0.936, 2.313]","(7, 8]",11015.0,26.0,438.1212,244.0489,501.8772,25.0,568.009,760.874
"(-3.196, -1.819](0.936, 2.313]","(8, 10]",21175.0,73.0,443.3011,254.1751,505.7719,47.0,570.07325,759.7056
"(-3.196, -1.819](0.936, 2.313]","(10, 12]",8495.0,19.0,450.0779,257.213,514.496,22.0,578.9142,772.0907
"(-3.196, -1.819](0.936, 2.313]","(12, 15]",11957.0,40.0,456.3094,264.3792,518.936,30.0,584.3667,774.5833
"(-3.196, -1.819](0.936, 2.313]","(15, 30]",16838.0,45.0,462.7746,257.213,528.3611,30.0,599.9455,804.105
"(-3.196, -1.819](2.313, 3.69]","(0, 2]",34618.0,307.0,361.279,185.8623,415.3373,33.0,479.2102,656.1069
"(-3.196, -1.819](2.313, 3.69]","(2, 4]",19078.0,133.0,382.6219,205.8031,438.1601,21.0,500.9425,678.1508
"(-3.196, -1.819](2.313, 3.69]","(4, 5]",8539.0,55.0,399.7585,229.1712,453.0379,19.0,514.1845,685.7065
"(-3.196, -1.819](2.313, 3.69]","(5, 7]",9301.0,57.0,410.6637,235.4027,466.4356,24.0,527.5822,702.8431
"(-3.196, -1.819](2.313, 3.69]","(7, 8]",3032.0,12.0,412.202025,231.508,472.2776,4.0,534.0279,716.163
"(-3.196, -1.819](2.313, 3.69]","(8, 10]",5908.0,52.0,417.810425,247.1647,473.17335,6.0,532.470025,703.7
"(-3.196, -1.819](2.313, 3.69]","(10, 12]",2322.0,17.0,425.3077,245.7626,480.2228,5.0,546.1988,718.4998
"(-3.196, -1.819](2.313, 3.69]","(12, 15]",3265.0,19.0,429.5139,249.7352,486.9216,5.0,549.7819,726.9902
"(-3.196, -1.819](2.313, 3.69]","(15, 30]",4591.0,27.0,437.2254,240.0763,499.6962,7.0,570.4237,769.9096
"(-1.819, -0.441](-1.819, -0.441]","(0, 2]",73481.0,305.0,377.403,178.2287,438.3938,34.0,510.3677,709.7757
"(-1.819, -0.441](-1.819, -0.441]","(2, 4]",45393.0,156.0,402.9522,208.9188,465.1114,50.0,532.4895,726.6007
"(-1.819, -0.441](-1.819, -0.441]","(4, 5]",20637.0,85.0,417.6741,236.649,476.5618,48.0,538.4094,718.4219
"(-1.819, -0.441](-1.819, -0.441]","(5, 7]",23717.0,90.0,430.1371,248.0994,488.7132,67.0,551.6513,733.1438
"(-1.819, -0.441](-1.819, -0.441]","(7, 8]",8121.0,26.0,434.4991,247.9436,495.6457,18.0,559.3628,746.5415
"(-1.819, -0.441](-1.819, -0.441]","(8, 10]",15670.0,82.0,438.1601,255.8888,498.6836,29.0,559.732825,741.8679
"(-1.819, -0.441](-1.819, -0.441]","(10, 12]",6315.0,23.0,445.7158,258.0698,508.0308,18.0,571.08585,758.8487
"(-1.819, -0.441](-1.819, -0.441]","(12, 15]",8890.0,48.0,451.421575,264.3792,511.1466,18.0,576.22685,762.7434
"(-1.819, -0.441](-1.819, -0.441]","(15, 30]",12521.0,48.0,458.9578,256.434,522.8307,18.0,594.8045,797.8735
"(-1.819, -0.441](-0.441, 0.936]","(0, 2]",84384.0,222.0,383.0893,173.3993,447.4295,25.0,522.9086,732.5206
"(-1.819, -0.441](-0.441, 0.936]","(2, 4]",54919.0,122.0,411.131,208.3736,476.1723,51.0,546.31565,748.8783
"(-1.819, -0.441](-0.441, 0.936]","(4, 5]",25419.0,94.0,426.2424,240.8553,487.2332,63.0,550.405,736.4153
"(-1.819, -0.441](-0.441, 0.936]","(5, 7]",29634.0,65.0,438.10175,250.4362,499.5404,85.0,563.3354,751.1372
"(-1.819, -0.441](-0.441, 0.936]","(7, 8]",10309.0,24.0,444.4695,253.3183,506.5509,26.0,571.9037,762.8992
"(-1.819, -0.441](-0.441, 0.936]","(8, 10]",19938.0,72.0,448.0527,261.575,509.5887,47.0,572.8384,759.7056
"(-1.819, -0.441](-0.441, 0.936]","(10, 12]",8039.0,20.0,455.141,266.5602,518.4686,22.0,581.4847,770.6107
"(-1.819, -0.441](-0.441, 0.936]","(12, 15]",11289.0,40.0,461.2167,273.0254,522.0517,27.0,586.7035,774.5833
"(-1.819, -0.441](-0.441, 0.936]","(15, 30]",15965.0,44.0,466.9808,264.2234,532.3337,25.0,602.2823,804.105
"(-1.819, -0.441](0.936, 2.313]","(0, 2]",84490.0,223.0,383.0893,173.3993,447.5074,25.0,522.9086,732.5206
"(-1.819, -0.441](0.936, 2.313]","(2, 4]",54990.0,121.0,411.131,208.3736,476.1723,52.0,546.3546,749.1899
"(-1.819, -0.441](0.936, 2.313]","(4, 5]",25462.0,92.0,426.261875,240.8553,487.3111,63.0,550.5608,736.9606
"(-1.819, -0.441](0.936, 2.313]","(5, 7]",29681.0,68.0,438.238,250.9815,499.5404,87.0,563.3354,750.0467
"(-1.819, -0.441](0.936, 2.313]","(7, 8]",10321.0,24.0,444.3916,253.3183,506.5509,26.0,571.9037,762.8992
"(-1.819, -0.441](0.936, 2.313]","(8, 10]",19986.0,72.0,448.0527,261.575,509.62765,47.0,572.9163,759.7056
"(-1.819, -0.441](0.936, 2.313]","(10, 12]",8056.0,20.0,455.2189,266.5602,518.66335,22.0,581.50415,770.6107
"(-1.819, -0.441](0.936, 2.313]","(12, 15]",11313.0,40.0,461.2946,273.6485,522.1296,28.0,586.7035,774.5833
"(-1.819, -0.441](0.936, 2.313]","(15, 30]",16001.0,44.0,467.0587,264.2234,532.4116,25.0,602.2823,804.105
"(-1.819, -0.441](2.313, 3.69]","(0, 2]",38863.0,82.0,396.7986,191.7043,461.9956,24.0,533.8137,738.83
"(-1.819, -0.441](2.313, 3.69]","(2, 4]",26315.0,76.0,423.2045,232.7543,485.4417,51.0,550.9503,742.5689
"(-1.819, -0.441](2.313, 3.69]","(4, 5]",12098.0,44.0,433.4086,257.213,492.8416,40.0,553.365,732.4427
"(-1.819, -0.441](2.313, 3.69]","(5, 7]",14416.0,42.0,443.4569,263.4445,503.2014,48.0,564.4259,744.9836
"(-1.819, -0.441](2.313, 3.69]","(7, 8]",5089.0,17.0,449.6884,266.2486,508.1866,11.0,572.6827,753.3962
"(-1.819, -0.441](2.313, 3.69]","(8, 10]",9762.0,46.0,454.3621,276.0632,514.0287,31.0,573.5395,751.8383
"(-1.819, -0.441](2.313, 3.69]","(10, 12]",3993.0,15.0,462.3072,283.7747,521.2728,16.0,581.952,761.2634
"(-1.819, -0.441](2.313, 3.69]","(12, 15]",5625.0,36.0,466.8251,287.5136,525.0896,19.0,587.0151,766.716
"(-1.819, -0.441](2.313, 3.69]","(15, 30]",7930.0,34.0,472.9787,279.8021,535.5273,19.0,604.697,801.7682
"(-0.441, 0.936](-0.441, 0.936]","(0, 2]",49766.0,67.0,405.289,191.7043,473.7576,28.0,547.8346,761.2634
"(-0.441, 0.936](-0.441, 0.936]","(2, 4]",35841.0,69.0,432.5518,234.1564,497.9826,63.0,564.8933,762.8992
"(-0.441, 0.936](-0.441, 0.936]","(4, 5]",16880.0,50.0,443.379,259.6277,503.9025,55.0,566.2175,750.3583
"(-0.441, 0.936](-0.441, 0.936]","(5, 7]",20333.0,45.0,453.5052,268.897,514.4181,68.0,576.6552,761.2634
"(-0.441, 0.936](-0.441, 0.936]","(7, 8]",7277.0,19.0,461.5283,278.5558,521.2728,21.0,584.4446,768.2739
"(-0.441, 0.936](-0.441, 0.936]","(8, 10]",14030.0,48.0,464.5661,283.0737,524.6222,55.0,585.80775,767.5728
"(-0.441, 0.936](-0.441, 0.936]","(10, 12]",5717.0,16.0,471.5766,291.4083,531.7105,20.0,593.0129,772.0907
"(-0.441, 0.936](-0.441, 0.936]","(12, 15]",8024.0,36.0,476.85385,297.484,536.1505,31.0,596.9076,774.5054
"(-0.441, 0.936](-0.441, 0.936]","(15, 30]",11374.0,37.0,480.768,286.8905,544.8746,26.0,610.7727,804.105
"(-0.441, 0.936](0.936, 2.313]","(0, 2]",49872.0,67.0,405.289,191.7043,473.7576,30.0,547.9124,761.2634
"(-0.441, 0.936](0.936, 2.313]","(2, 4]",35912.0,69.0,432.6297,234.6238,497.9826,65.0,564.8933,762.8992
"(-0.441, 0.936](0.936, 2.313]","(4, 5]",16923.0,48.0,443.4569,259.6277,504.1362,56.0,566.3733,750.7478
"(-0.441, 0.936](0.936, 2.313]","(5, 7]",20380.0,46.0,453.563625,269.0528,514.4181,69.0,576.5773,760.874
"(-0.441, 0.936](0.936, 2.313]","(7, 8]",7289.0,19.0,461.4504,278.5558,521.2728,21.0,584.3667,768.2739
"(-0.441, 0.936](0.936, 2.313]","(8, 10]",14078.0,48.0,464.5661,283.0737,524.778,55.0,585.8467,767.5728
"(-0.441, 0.936](0.936, 2.313]","(10, 12]",5734.0,16.0,471.8881,291.4083,531.90525,20.0,593.0129,772.0907
"(-0.441, 0.936](0.936, 2.313]","(12, 15]",8048.0,36.0,476.8733,297.484,536.2284,31.0,596.9855,774.5054
"(-0.441, 0.936](0.936, 2.313]","(15, 30]",11410.0,37.0,480.8459,286.8905,544.9525,26.0,610.7727,804.105
"(-0.441, 0.936](2.313, 3.69]","(0, 2]",10903.0,4.0,445.8716,237.7395,519.0139,25.0,586.8593,795.5367
"(-0.441, 0.936](2.313, 3.69]","(2, 4]",9526.0,15.0,466.6693,275.9854,532.3337,44.0,593.850325,783.8526
"(-0.441, 0.936](2.313, 3.69]","(4, 5]",4782.0,6.0,473.348625,294.6799,531.4769,30.0,592.4677,771.078
"(-0.441, 0.936](2.313, 3.69]","(5, 7]",5917.0,7.0,482.6375,308.7786,541.5252,42.0,599.4002,772.8696
"(-0.441, 0.936](2.313, 3.69]","(7, 8]",2188.0,6.0,490.251625,318.6711,549.3145,7.0,605.8654,774.5054
"(-0.441, 0.936](2.313, 3.69]","(8, 10]",4268.0,11.0,491.6732,319.528,550.1714,33.0,607.7348,781.4379
"(-0.441, 0.936](2.313, 3.69]","(10, 12]",1724.0,0.0,495.99625,321.1637,555.89655,3.0,613.206875,783.7747
"(-0.441, 0.936](2.313, 3.69]","(12, 15]",2399.0,11.0,504.95405,343.0519,559.5965,22.0,613.22635,773.7264
"(-0.441, 0.936](2.313, 3.69]","(15, 30]",3444.0,11.0,502.1888,322.8774,561.8554,18.0,621.8336,799.1198
"(0.936, 2.313](0.936, 2.313]","(0, 2]",11009.0,4.0,445.8716,237.5058,519.0139,27.0,586.8593,795.5367
"(0.936, 2.313](0.936, 2.313]","(2, 4]",9597.0,15.0,466.6693,275.9854,532.2558,45.0,593.7919,783.8526
"(0.936, 2.313](0.936, 2.313]","(4, 5]",4825.0,7.0,473.5239,297.1725,531.4769,32.0,592.4677,770.8444
"(0.936, 2.313](0.936, 2.313]","(5, 7]",5964.0,7.0,482.540125,308.7786,541.25255,42.0,599.3223,772.8696
"(0.936, 2.313](0.936, 2.313]","(7, 8]",2200.0,6.0,490.173725,318.6711,548.6135,7.0,605.6317,774.5054
"(0.936, 2.313](0.936, 2.313]","(8, 10]",4316.0,11.0,491.6732,319.528,550.0935,34.0,607.7348,781.4379
"(0.936, 2.313](0.936, 2.313]","(10, 12]",1741.0,0.0,496.0352,321.1637,556.0134,3.0,613.1874,783.7747
"(0.936, 2.313](0.936, 2.313]","(12, 15]",2423.0,11.0,504.64245,343.0519,559.9081,22.0,613.2653,773.7264
"(0.936, 2.313](0.936, 2.313]","(15, 30]",3480.0,11.0,502.1888,322.8774,561.89435,18.0,621.8336,799.1198
"(0.936, 2.313](2.313, 3.69]","(0, 2]",106.0,0.0,424.3535,237.5058,514.9634,2.0,587.521375,754.1751
"(0.936, 2.313](2.313, 3.69]","(2, 4]",71.0,0.0,466.82505,286.0337,519.7928,1.0,587.5214,744.9836
"(0.936, 2.313](2.313, 3.69]","(4, 5]",43.0,0.0,479.2491,325.7595,536.8515,1.0,584.5225,701.2852
"(0.936, 2.313](2.313, 3.69]","(5, 7]",47.0,0.0,479.6386,377.9483,522.9086,0.0,572.83845,678.6182
"(0.936, 2.313](2.313, 3.69]","(7, 8]",12.0,0.0,432.9997,373.3525,499.54045,0.0,524.2912,609.059
"(0.936, 2.313](2.313, 3.69]","(8, 10]",48.0,0.0,488.3432,329.6542,546.97775,2.0,597.043925,758.2256
"(0.936, 2.313](2.313, 3.69]","(10, 12]",17.0,0.0,517.3002,471.8881,557.805,0.0,607.8906,719.9797
"(0.936, 2.313](2.313, 3.69]","(12, 15]",24.0,0.0,488.090025,399.8364,577.31735,0.0,632.6414,756.6677
"(0.936, 2.313](2.313, 3.69]","(15, 30]",36.0,0.0,503.8635,381.064,566.29535,0.0,601.62015,736.3374
